TEAM,DATE,HOME / AWAY,OPPOSING TEAM,TOTAL POINTS GAINED,FINAL SCORE,TRIES,PENALTY TRY,CONVERSIONS,PENALTY KICK,DROP GOAL,KICK SUCCESS,METERS RUN,KICKS FROM HAND,PASSES,RUNS,POSSESSION 1H,POSSESSION 2H,TERRITORY 1H,TERRITORY 2H,CLEAN BREAKS,DEFENDERS BEATEN,OFFLOADS,RUCKS,RUCKS WON,MAULS,MAULS WON,TURNOVER CONCEDED,SCRUMS,SCRUMS WON,PACK WEIGHT,LINEOUTS,LINEOUTS WON,TACKLES MADE,TACKLES SUCCESS,PENALTIES CONCEDED,RED CARD,YELLOW CARD,FREE KICKS CONCEDED
WALES,06/02/15,HOME,ENG,1,16,1,0,1,2,1,80.00%,224,32,121,109,50.00%,52.00%,49.00%,42.00%,2,14,6,88,83,7,4,11,8,6,925,14,10,156,135,9,0,1,0
ENG,06/02/15,AWAY,WALES,4,21,2,0,1,3,0,67.00%,350,32,118,132,50.00%,48.00%,51.00%,58.00%,3,21,9,91,87,9,9,14,3,3,947,11,9,159,145,9,0,0,0
ITA,07/02/15,HOME,IRE,0,3,0,0,0,1,0,100.00%,241,15,144,110,42.00%,33.00%,42.00%,33.00%,1,12,12,77,76,4,3,18,7,6,878,11,7,216,198,11,0,1,0
IRE,07/02/15,AWAY,ITA,4,26,2,0,2,4,0,100.00%,351,28,192,158,58.00%,67.00%,58.00%,67.00%,5,18,5,128,126,8,8,10,7,7,913,14,12,129,117,7,0,0,0
FRA,07/02/15,HOME,SCOT,1,15,0,0,0,5,0,83.00%,418,29,156,123,49.00%,60.00%,45.00%,67.00%,4,21,19,87,81,14,14,14,2,2,893,20,18,124,112,8,0,0,0
SCOT,07/02/15,AWAY,FRA,4,8,1,0,0,1,0,33.00%,389,25,130,103,51.00%,40.00%,55.00%,33.00%,6,12,9,73,67,6,6,21,4,5,911,13,11,156,135,11,0,1,0
ENG,14/02/15,HOME,ITA,5,47,6,0,4,3,0,78.00%,530,27,155,106,53.00%,42.00%,54.00%,43.00%,9,19,10,73,71,6,5,9,7,6,947,12,11,190,164,7,0,0,0
ITA,14/02/15,AWAY,ENG,0,17,3,0,1,0,0,20.00%,285,16,154,127,47.00%,58.00%,46.00%,58.00%,11,26,9,99,94,2,0,18,5,4,881,10,7,132,113,10,0,0,0
IRE,14/02/15,HOME,FRA,4,18,0,0,0,6,0,100.00%,237,26,116,93,62.00%,33.00%,65.00%,32.00%,0,14,2,75,71,6,6,7,5,3,918,13,12,171,147,11,0,1,0
FRA,14/02/15,AWAY,IRE,1,11,1,0,0,2,0,50.00%,344,11,149,140,38.00%,68.00%,35.00%,68.00%,1,24,11,98,94,5,2,18,6,5,894,12,11,108,94,14,0,1,0
SCOT,15/02/15,HOME,WALES,1,23,2,0,2,3,0,100.00%,410,16,107,103,48.00%,47.00%,50.00%,48.00%,5,15,3,77,72,9,8,7,5,4,912,13,11,128,118,14,0,1,0
WALES,15/02/15,AWAY,SCOT,4,26,2,0,2,4,0,86.00%,406,21,132,115,52.00%,53.00%,50.00%,52.00%,6,10,6,90,83,5,2,9,4,4,926,11,8,130,115,17,0,1,0
SCOT,28/02/15,HOME,ITA,1,19,1,0,1,4,0,100.00%,438,24,136,117,45.00%,61.00%,50.00%,62.00%,4,21,14,92,89,4,2,14,3,3,901,8,6,106,97,13,0,2,0
ITA,28/02/15,AWAY,SCOT,4,22,2,1,2,1,0,50.00%,276,27,102,90,55.00%,39.00%,50.00%,38.00%,1,9,6,68,64,10,9,10,10,8,876,12,10,139,118,10,0,0,0
FRA,28/02/15,HOME,WALES,1,13,1,0,1,2,0,50.00%,382,18,129,109,23.00%,67.00%,20.00%,69.00%,6,10,19,76,74,6,4,16,3,3,914,10,10,103,93,7,0,0,0
WALES,28/02/15,AWAY,FRA,4,20,1,0,0,5,0,83.00%,257,23,116,92,77.00%,33.00%,80.00%,31.00%,4,10,7,79,74,5,5,7,11,10,923,10,10,121,111,11,0,0,0
IRE,01/03/15,HOME,ENG,4,19,1,0,1,4,0,83.00%,300,38,156,135,68.00%,51.00%,67.00%,51.00%,3,23,5,118,116,5,5,9,8,6,914,12,11,147,120,8,0,0,0
ENG,01/03/15,AWAY,IRE,0,9,0,0,0,2,1,67.00%,501,23,120,124,32.00%,49.00%,33.00%,49.00%,10,27,8,92,85,4,4,23,2,2,947,13,10,183,160,13,0,0,0
WALES,14/03/15,HOME,IRE,4,23,1,0,0,5,1,86.00%,163,22,123,92,52.00%,25.00%,52.00%,24.00%,5,17,3,85,83,6,5,8,8,7,923,8,7,272,250,13,0,2,0
IRE,14/03/15,AWAY,WALES,1,16,0,1,1,3,0,80.00%,415,11,254,188,48.00%,75.00%,48.00%,76.00%,4,22,5,175,170,4,3,14,3,3,918,12,8,122,105,11,0,0,0
ENG,14/03/15,HOME,SCOT,4,25,3,0,2,2,0,67.00%,611,24,163,128,35.00%,53.00%,41.00%,63.00%,17,27,22,78,73,6,6,17,4,3,945,15,14,137,121,10,0,0,0
SCOT,14/03/15,AWAY,ENG,0,13,1,0,1,2,0,100.00%,372,30,133,122,61.00%,47.00%,59.00%,37.00%,5,16,13,88,86,7,7,19,9,7,919,10,10,152,125,8,0,0,0
ITA,15/03/15,HOME,FRA,0,0,0,0,0,0,0,0.00%,223,24,127,94,44.00%,50.00%,46.00%,41.00%,1,3,11,63,62,7,7,24,7,5,888,19,17,127,118,17,0,0,0
FRA,15/03/15,AWAY,ITA,4,29,2,0,2,5,0,88.00%,506,26,117,113,56.00%,50.00%,54.00%,59.00%,7,9,7,75,74,7,5,23,11,9,891,12,8,91,94,11,0,0,0
ITA,21/03/15,HOME,WALES,0,20,2,0,2,2,0,100.00%,335,14,94,86,48.00%,37.00%,43.00%,31.00%,5,15,6,64,56,7,4,12,7,7,869,9,6,132,113,18,0,2,0
WALES,21/03/15,AWAY,ITA,5,61,8,0,6,3,0,82.00%,626,20,163,131,52.00%,63.00%,57.00%,69.00%,14,19,17,76,74,12,11,17,6,6,922,15,15,100,85,8,0,0,0
SCOT,21/03/15,HOME,IRE,0,10,1,0,1,1,0,100.00%,419,15,144,126,58.00%,32.00%,64.00%,26.00%,12,25,15,85,78,7,5,20,2,1,912,13,13,179,155,12,0,1,0
IRE,21/03/15,AWAY,SCOT,5,40,4,0,4,4,0,73.00%,506,27,169,130,42.00%,68.00%,36.00%,74.00%,13,24,4,110,106,8,7,11,10,10,914,10,8,144,119,6,0,0,0
ENG,21/03/15,HOME,FRA,5,55,7,0,7,2,0,90.00%,651,30,143,115,39.00%,47.00%,39.00%,54.00%,15,24,9,77,74,4,4,16,3,3,932,11,10,186,161,9,0,1,0
FRA,21/03/15,AWAY,ENG,1,35,5,0,2,2,0,44.00%,708,26,169,147,61.00%,53.00%,61.00%,46.00%,14,25,17,109,101,5,4,12,7,5,903,9,8,128,104,11,0,0,0
FRA,06/02/16,HOME,ITA,4,23,3,0,1,2,0,50.00%,,19,179,124,49.00%,49.00%,47.00%,47.00%,5,9,19,78,75,4,2,0,5,4,910,12,11,129,112,5,0,0,0
ITA,06/02/16,AWAY,FRA,1,21,2,0,1,2,1,60.00%,,19,131,112,51.00%,51.00%,53.00%,53.00%,3,8,10,80,77,7,7,0,8,7,901,15,13,171,146,3,0,0,0
SCOT,06/02/16,HOME,ENG,1,9,0,0,0,3,0,60.00%,705,17,138,110,48.00%,48.00%,46.00%,46.00%,4,4,4,92,89,4,4,0,1,1,908,14,12,157,148,9,0,0,0
ENG,06/02/16,AWAY,SCOT,4,15,2,0,1,1,0,33.00%,503,26,113,93,52.00%,52.00%,54.00%,54.00%,1,6,1,89,84,5,5,0,11,11,954,15,14,145,127,10,0,0,0
IRE,07/02/16,HOME,WALES,2,16,1,0,1,3,0,100.00%,,17,187,141,45.00%,45.00%,40.00%,40.00%,4,3,3,124,122,2,2,0,5,5,915,9,1,233,218,7,0,0,0
WALES,07/02/16,AWAY,IRE,2,16,1,0,1,3,0,100.00%,,23,208,147,55.00%,55.00%,60.00%,60.00%,2,8,2,131,129,2,2,0,7,7,913,9,1,212,196,3,0,0,0
FRA,13/02/16,HOME,IRE,4,10,1,0,1,1,0,67.00%,390,28,171,159,50.00%,66.00%,42.00%,72.00%,4,17,10,116,115,7,5,13,12,11,933,10,8,108,103,8,0,0,2
IRE,13/02/16,AWAY,FRA,1,9,0,0,0,3,0,100.00%,232,25,114,91,50.00%,34.00%,58.00%,28.00%,0,5,2,79,73,4,4,9,8,8,916,11,9,208,191,13,0,0,0
WALES,13/02/16,HOME,SCOT,4,27,3,0,3,2,0,100.00%,357,50,98,76,48.00%,52.00%,42.00%,50.00%,5,16,1,57,54,5,5,8,9,9,913,5,4,124,115,8,0,0,2
SCOT,13/02/16,AWAY,WALES,1,23,2,0,2,3,0,100.00%,337,47,89,107,52.00%,48.00%,58.00%,50.00%,5,9,4,73,73,6,3,17,13,13,908,13,10,95,79,5,0,0,2
ITA,14/02/16,HOME,ENG,0,9,0,0,0,3,0,60.00%,324,36,162,132,50.00%,72.00%,54.00%,71.00%,3,11,4,108,101,6,5,21,5,4,901,18,17,97,83,9,0,0,0
ENG,14/02/16,AWAY,ITA,5,40,5,0,3,3,0,75.00%,450,36,127,98,50.00%,28.00%,46.00%,29.00%,10,14,6,59,55,5,3,16,7,7,955,13,9,143,132,15,0,0,1
WALES,26/02/16,HOME,FRA,4,19,1,0,1,4,0,83.00%,461,24,102,84,42.00%,42.00%,49.00%,49.00%,4,8,8,74,70,3,2,0,8,5,924,7,7,230,206,6,0,0,0
FRA,26/02/16,AWAY,WALES,0,10,1,0,1,1,0,67.00%,690,16,163,148,58.00%,58.00%,51.00%,51.00%,4,7,24,108,107,10,8,0,8,8,906,15,15,117,95,10,0,0,0
ITA,27/02/16,HOME,SCOT,0,20,2,0,2,2,0,100.00%,682,11,147,127,58.00%,58.00%,58.00%,58.00%,4,4,10,105,102,1,1,0,9,7,900,8,7,114,103,10,0,0,0
SCOT,27/02/16,AWAY,ITA,4,36,3,0,3,5,0,100.00%,553,11,100,81,42.00%,42.00%,42.00%,42.00%,4,4,9,62,60,5,5,0,7,7,900,8,7,195,171,7,0,0,0
ENG,27/02/16,HOME,IRE,4,21,2,0,1,3,0,80.00%,726,17,128,114,48.00%,48.00%,58.00%,58.00%,4,6,4,86,83,7,5,0,5,5,939,7,6,173,142,5,0,2,1
IRE,27/02/16,AWAY,ENG,0,10,1,0,1,1,0,100.00%,803,15,197,119,52.00%,52.00%,42.00%,42.00%,4,6,2,110,106,5,5,0,8,8,924,11,8,184,167,8,0,0,0
IRE,12/03/16,HOME,ITA,5,58,9,0,5,1,0,60.00%,681,22,223,178,68.00%,50.00%,64.00%,51.00%,20,21,12,132,130,5,4,7,6,6,924,8,8,156,146,9,0,0,0
ITA,12/03/16,AWAY,IRE,0,15,2,0,1,1,0,67.00%,296,9,197,130,32.00%,50.00%,36.00%,49.00%,6,10,8,100,98,6,5,15,6,5,899,13,10,221,200,9,0,0,2
ENG,12/03/16,HOME,WALES,4,25,1,0,1,6,0,100.00%,508,37,89,112,61.00%,35.00%,63.00%,25.00%,8,26,7,82,81,7,4,10,7,5,939,14,14,140,121,12,0,1,3
WALES,12/03/16,AWAY,ENG,1,21,3,0,3,0,0,100.00%,450,31,131,119,39.00%,65.00%,37.00%,75.00%,11,19,3,94,89,6,5,13,9,9,924,11,9,132,106,14,0,0,0
SCOT,13/03/16,HOME,FRA,0,29,3,0,1,4,0,71.00%,227,30,115,89,63.00%,53.00%,61.00%,48.00%,4,13,2,77,74,4,4,4,11,9,909,9,8,101,85,12,0,0,1
FRA,13/03/16,AWAY,SCOT,4,18,2,0,1,2,0,60.00%,300,21,110,89,37.00%,47.00%,39.00%,52.00%,8,16,7,56,55,11,7,13,1,1,910,17,16,105,92,11,0,0,3
WALES,19/03/16,HOME,ITA,5,67,9,0,8,2,0,91.00%,702,30,238,169,59.00%,67.00%,57.00%,68.00%,21,21,19,114,113,6,6,15,9,8,923,13,13,118,107,8,0,0,0
ITA,19/03/16,AWAY,WALES,0,14,2,0,2,0,0,100.00%,265,27,126,108,41.00%,33.00%,43.00%,32.00%,5,11,6,76,74,7,4,15,1,1,886,15,13,180,159,10,0,1,2
IRE,19/03/16,HOME,SCOT,5,35,4,0,3,3,0,75.00%,386,32,175,133,79.00%,29.00%,82.00%,33.00%,6,16,5,110,108,9,8,6,7,7,926,10,9,140,121,11,0,1,0
SCOT,19/03/16,AWAY,IRE,0,25,3,0,2,2,0,80.00%,451,26,159,123,21.00%,71.00%,18.00%,67.00%,4,19,6,101,98,4,4,13,2,1,894,8,8,140,156,11,0,2,0
FRA,19/03/16,HOME,ENG,0,21,0,0,0,7,0,100.00%,468,26,146,110,44.00%,45.00%,41.00%,39.00%,7,28,8,82,75,3,3,18,5,4,925,13,9,140,119,9,0,1,1
ENG,19/03/16,AWAY,FRA,4,31,3,0,2,4,0,75.00%,406,37,135,117,56.00%,55.00%,59.00%,61.00%,6,21,14,89,81,8,8,11,6,6,955,13,13,144,116,15,0,0,0
SCOT,04/02/17,HOME,IRE,4,27,3,0,3,2,0,100.00%,311,19,145,133,42.00%,40.00%,41.00%,33.00%,6,9,4,107,105,4,3,13,1,1,926,12,10,274,242,9,0,0,0
IRE,04/02/17,AWAY,SCOT,1,22,3,0,2,1,0,75.00%,534,18,232,186,58.00%,60.00%,59.00%,67.00%,12,32,5,160,155,5,4,12,5,5,921,14,12,161,152,7,0,0,0
ENG,04/02/17,HOME,FRA,4,19,1,0,1,4,0,83.00%,455,23,120,99,41.00%,57.00%,42.00%,67.00%,8,14,8,80,79,10,9,13,7,6,946,16,15,142,117,8,0,1,4
FRA,04/02/17,AWAY,ENG,1,16,1,0,1,3,0,80.00%,586,21,152,124,59.00%,43.00%,58.00%,33.00%,13,25,13,83,80,9,7,14,9,9,947,11,9,118,104,15,0,0,1
ITA,05/02/17,HOME,WALES,0,7,1,0,1,0,0,100.00%,344,28,105,95,46.00%,28.00%,46.00%,24.00%,6,18,4,64,62,3,3,12,7,7,913,8,7,177,153,16,0,1,0
WALES,05/02/17,AWAY,ITA,4,33,3,0,3,4,0,88.00%,486,35,160,149,54.00%,72.00%,54.00%,76.00%,10,24,7,105,103,6,6,11,9,7,902,13,13,119,101,5,0,0,0
ITA,11/02/17,HOME,IRE,0,10,0,1,1,1,0,100.00%,210,13,134,115,34.00%,48.00%,28.00%,44.00%,1,10,11,83,82,2,2,14,10,9,897,10,9,199,162,8,0,0,1
IRE,11/02/17,AWAY,ITA,5,63,9,0,9,0,0,100.00%,653,26,255,177,66.00%,52.00%,72.00%,56.00%,13,37,16,119,119,5,5,13,8,8,919,9,9,135,125,6,0,1,0
WALES,11/02/17,HOME,ENG,1,16,1,0,1,3,0,100.00%,334,17,176,140,48.00%,51.00%,52.00%,52.00%,10,18,1,125,123,2,1,11,3,2,910,9,8,206,189,20,0,0,0
ENG,11/02/17,AWAY,WALES,4,21,2,0,1,3,0,67.00%,432,20,184,148,52.00%,49.00%,48.00%,48.00%,9,17,8,119,115,8,8,14,7,7,942,9,9,196,178,6,0,0,0
FRA,12/02/17,HOME,SCOT,4,22,1,0,1,5,0,75.00%,428,12,169,134,52.00%,50.00%,50.00%,54.00%,7,17,16,92,87,5,4,11,9,9,955,8,7,147,129,10,0,0,1
SCOT,12/02/17,AWAY,FRA,1,16,2,0,0,2,0,40.00%,314,15,116,105,48.00%,50.00%,50.00%,46.00%,7,18,9,85,81,5,4,13,4,4,922,10,9,152,135,13,0,0,1
SCOT,25/02/17,HOME,WALES,4,29,2,0,2,5,0,100.00%,274,23,158,121,54.00%,62.00%,54.00%,57.00%,10,14,4,106,102,7,4,9,6,6,916,12,12,120,107,10,0,0,1
WALES,25/02/17,AWAY,SCOT,0,13,1,0,1,2,0,75.00%,315,9,119,83,46.00%,38.00%,46.00%,43.00%,5,13,4,69,64,2,2,17,4,3,910,15,14,172,158,14,0,0,0
IRE,25/02/17,HOME,FRA,4,19,1,0,1,1,1,100.00%,372,24,207,169,66.00%,62.00%,71.00%,66.00%,8,17,6,148,140,13,12,14,7,7,919,22,22,148,134,8,0,0,0
FRA,25/02/17,AWAY,IRE,0,9,0,0,0,3,0,100.00%,333,19,152,111,34.00%,38.00%,29.00%,34.00%,8,14,6,84,83,3,2,15,4,4,934,12,10,246,229,13,0,0,1
ENG,26/02/17,HOME,ITA,5,36,6,0,3,0,0,43.00%,601,29,129,147,43.00%,61.00%,38.00%,62.00%,13,24,15,98,95,8,8,12,3,2,947,9,9,133,119,12,0,0,0
ITA,26/02/17,AWAY,ENG,0,15,2,0,1,0,1,33.00%,349,25,100,109,57.00%,39.00%,62.00%,38.00%,4,14,2,90,86,8,6,12,7,6,899,16,13,159,135,8,0,0,1
WALES,10/03/17,HOME,IRE,4,22,3,0,2,1,0,75.00%,399,25,167,145,58.00%,38.00%,61.00%,36.00%,10,17,7,118,117,5,5,16,5,4,910,11,11,208,185,10,0,0,0
IRE,10/03/17,AWAY,WALES,0,9,0,0,0,3,0,100.00%,398,28,236,166,42.00%,62.00%,39.00%,64.00%,8,23,5,142,140,6,5,16,4,4,919,13,10,173,156,4,0,1,0
ITA,11/03/17,HOME,FRA,0,18,2,0,1,2,0,75.00%,350,14,135,124,57.00%,53.00%,67.00%,55.00%,5,13,10,91,90,11,11,15,6,4,898,8,8,176,121,7,0,0,0
FRA,11/03/17,AWAY,ITA,5,40,4,0,4,4,0,100.00%,856,17,167,138,43.00%,47.00%,33.00%,45.00%,20,55,21,74,72,4,2,15,18,15,920,6,6,160,147,9,0,0,1
ENG,11/03/17,HOME,SCOT,5,61,7,0,7,4,0,92.00%,523,22,144,137,41.00%,60.00%,36.00%,63.00%,9,21,6,88,88,4,3,8,7,6,947,9,9,157,144,5,0,0,1
SCOT,11/03/17,AWAY,ENG,1,21,3,0,3,0,0,100.00%,258,17,127,119,59.00%,40.00%,64.00%,37.00%,1,13,3,93,90,2,1,10,3,3,920,15,14,168,147,13,0,1,0
SCOT,18/03/17,HOME,ITA,5,29,4,0,3,1,0,80.00%,331,33,142,133,64.00%,60.00%,66.00%,55.00%,3,14,2,106,105,3,3,7,7,6,916,12,9,102,98,13,0,1,1
ITA,18/03/17,AWAY,SCOT,0,0,0,0,0,0,0,0.00%,168,30,68,83,36.00%,40.00%,34.00%,45.00%,0,4,0,63,61,13,12,8,2,2,913,12,9,170,156,9,0,0,0
FRA,18/03/17,HOME,WALES,4,20,2,0,2,2,0,80.00%,550,25,181,157,45.00%,69.00%,48.00%,73.00%,9,25,11,125,122,2,2,15,15,14,932,6,4,142,126,11,0,1,0
WALES,18/03/17,AWAY,FRA,1,18,0,0,0,6,0,100.00%,332,25,130,111,55.00%,31.00%,52.00%,27.00%,2,16,7,86,82,5,3,15,5,4,910,16,14,230,205,15,0,1,1
IRE,18/03/17,HOME,ENG,4,13,1,0,1,2,0,100.00%,337,24,164,146,74.00%,45.00%,77.00%,46.00%,4,16,4,114,113,8,5,13,7,7,907,14,13,117,107,10,0,0,0
ENG,18/03/17,AWAY,IRE,1,9,0,0,0,3,0,100.00%,241,29,93,90,26.00%,55.00%,23.00%,54.00%,3,10,3,66,64,6,4,11,8,8,955,11,9,188,172,9,0,0,0
WALES,03/02/18,HOME,SCOT,5,34,4,0,4,2,0,100.00%,561,34,189,134,46.00%,57.00%,40.00%,60.00%,18,16,13,86,82,4,3,12,11,10,898,10,10,136,117,7,0,0,1
SCOT,03/02/18,AWAY,WALES,0,7,1,0,1,0,0,100.00%,379,26,181,130,54.00%,43.00%,60.00%,40.00%,10,19,7,84,82,5,4,18,7,6,916,14,11,130,114,8,0,0,1
FRA,03/02/18,HOME,IRE,1,13,1,0,1,2,0,75.00%,264,25,103,99,30.00%,34.00%,28.00%,35.00%,2,15,2,74,72,3,2,11,8,7,907,9,8,268,253,10,0,0,1
IRE,03/02/18,AWAY,FRA,4,15,0,0,0,4,1,83.00%,352,22,250,193,70.00%,66.00%,72.00%,65.00%,0,15,6,166,162,4,4,13,5,5,901,14,13,128,113,6,0,0,2
ITA,04/02/18,HOME,ENG,0,15,2,0,1,1,0,67.00%,357,18,171,139,55.00%,49.00%,58.00%,45.00%,8,17,8,111,108,3,2,13,6,4,889,9,9,157,131,12,0,0,0
ENG,04/02/18,AWAY,ITA,5,46,7,0,4,1,0,62.00%,443,20,181,134,45.00%,51.00%,42.00%,55.00%,14,26,11,87,85,7,6,8,6,6,943,14,13,153,170,9,0,0,1
IRE,10/02/18,HOME,ITA,5,56,8,0,8,0,0,100.00%,619,19,246,164,68.00%,59.00%,72.00%,59.00%,15,27,11,107,105,9,9,15,8,8,914,15,15,112,106,3,0,0,1
ITA,10/02/18,AWAY,IRE,0,19,3,0,2,0,0,67.00%,409,16,142,104,32.00%,41.00%,28.00%,41.00%,7,6,7,69,68,2,1,12,3,3,907,7,5,202,175,11,0,0,1
ENG,10/02/18,HOME,WALES,4,12,2,0,1,0,0,50.00%,411,39,177,162,55.00%,49.00%,59.00%,60.00%,7,18,6,138,133,5,5,10,6,6,943,7,6,211,188,10,0,0,1
WALES,10/02/18,AWAY,ENG,1,6,0,0,0,2,0,67.00%,501,39,224,163,45.00%,51.00%,41.00%,40.00%,7,23,11,128,125,4,4,16,3,3,898,16,15,218,200,2,0,0,0
SCOT,11/02/18,HOME,FRA,4,32,2,0,2,6,0,100.00%,420,20,179,142,49.00%,64.00%,53.00%,66.00%,7,18,7,110,105,4,3,11,6,6,911,9,8,128,106,10,0,0,0
FRA,11/02/18,AWAY,SCOT,1,26,2,0,2,4,0,100.00%,321,21,136,117,51.00%,36.00%,47.00%,34.00%,5,22,11,84,78,5,4,11,4,4,922,8,7,167,149,13,0,0,0
FRA,23/02/18,HOME,ITA,4,34,3,0,2,5,0,88.00%,565,22,208,175,59.00%,66.00%,65.00%,68.00%,15,24,20,123,121,5,4,14,5,5,929,12,10,111,94,7,0,0,1
ITA,23/02/18,AWAY,FRA,0,17,1,1,1,1,0,100.00%,345,16,118,94,41.00%,34.00%,35.00%,32.00%,5,17,8,66,58,4,4,13,4,4,888,14,11,251,227,16,0,1,0
IRE,24/02/18,HOME,WALES,5,37,5,0,3,2,0,56.00%,454,18,183,170,78.00%,60.00%,84.00%,66.00%,11,17,7,139,138,5,5,13,5,5,918,10,8,101,89,4,0,0,0
WALES,24/02/18,AWAY,IRE,0,27,3,0,3,2,0,83.00%,257,18,120,79,22.00%,40.00%,16.00%,34.00%,9,12,5,56,52,0,0,10,7,6,898,5,4,242,225,9,0,0,1
SCOT,24/02/18,HOME,ENG,4,25,3,0,2,2,0,67.00%,414,27,153,115,49.00%,41.00%,51.00%,38.00%,8,19,2,90,88,4,3,9,5,5,911,15,13,185,164,7,0,0,0
ENG,24/02/18,AWAY,SCOT,0,13,1,0,1,2,0,100.00%,420,24,214,151,51.00%,59.00%,49.00%,62.00%,4,21,7,123,113,7,7,13,4,4,961,11,11,137,118,13,0,1,0
IRE,10/03/18,HOME,SCOT,5,28,4,0,4,0,0,80.00%,592,27,221,172,61.00%,64.00%,61.00%,66.00%,10,26,4,157,152,5,5,12,12,11,912,14,12,168,150,9,0,0,0
SCOT,10/03/18,AWAY,IRE,0,8,1,0,0,1,0,50.00%,420,19,187,138,39.00%,36.00%,39.00%,34.00%,8,18,11,99,95,4,3,16,4,4,911,14,10,256,230,10,0,0,0
FRA,10/03/18,HOME,ENG,4,22,0,1,0,5,0,100.00%,402,18,152,136,46.00%,46.00%,45.00%,43.00%,6,17,9,106,104,1,1,9,6,4,929,11,6,184,176,11,0,0,0
ENG,10/03/18,AWAY,FRA,1,16,1,0,1,3,0,100.00%,363,17,190,137,54.00%,54.00%,55.00%,57.00%,6,8,5,116,108,7,7,10,2,2,965,13,12,184,167,15,0,1,2
WALES,11/03/18,HOME,ITA,5,38,5,0,5,1,0,100.00%,518,26,157,124,34.00%,55.00%,35.00%,62.00%,15,24,10,78,73,5,4,17,2,2,903,14,14,128,120,12,0,2,1
ITA,11/03/18,AWAY,WALES,0,14,2,0,2,0,0,67.00%,237,27,176,123,66.00%,45.00%,65.00%,38.00%,5,8,6,90,85,6,5,13,9,9,888,19,18,155,131,10,0,1,0
ITA,17/03/18,HOME,SCOT,4,27,3,0,3,2,0,100.00%,430,26,167,146,55.00%,36.00%,58.00%,32.00%,8,15,10,114,110,4,3,7,7,6,886,7,7,225,205,9,0,0,2
SCOT,17/03/18,AWAY,ITA,2,29,4,0,3,1,0,80.00%,381,20,207,153,45.00%,64.00%,42.00%,68.00%,8,20,5,128,125,7,7,13,4,4,900,14,12,188,173,5,0,0,1
ENG,17/03/18,HOME,IRE,0,15,3,0,0,0,0,0.00%,433,22,218,163,38.00%,66.00%,42.00%,71.00%,9,20,3,140,138,8,6,13,3,3,928,15,13,172,152,11,0,0,2
IRE,17/03/18,AWAY,ENG,4,24,3,0,3,1,0,67.00%,224,24,138,131,62.00%,34.00%,58.00%,29.00%,6,20,2,112,108,5,4,7,7,7,902,14,14,225,205,12,0,1,1
WALES,17/03/18,HOME,FRA,4,14,1,0,0,3,0,75.00%,351,22,142,112,59.00%,40.00%,57.00%,42.00%,5,9,5,88,81,4,4,11,13,12,915,7,6,192,163,12,0,0,1
FRA,17/03/18,AWAY,WALES,1,13,1,0,1,1,1,60.00%,410,16,178,128,41.00%,60.00%,43.00%,58.00%,7,29,7,94,92,10,5,21,4,4,919,13,12,131,122,8,0,0,1
FRA,01/02/19,HOME,WALES,1,19,2,0,0,2,1,43.00%,487,31,174,146,64.00%,54.00%,70.00%,58.00%,6,21,13,104,102,3,1,18,5,5,962,9,9,117,103,5,0,0,2
WALES,01/02/19,AWAY,FRA,4,24,3,0,3,1,0,67.00%,384,26,81,92,37.00%,46.00%,30.00%,42.00%,7,14,6,71,67,1,1,19,11,10,909,7,4,209,188,10,0,0,0
SCOT,02/02/19,HOME,ITA,5,33,5,0,4,0,0,80.00%,454,28,183,132,57.00%,36.00%,70.00%,40.00%,16,24,9,92,89,5,4,8,4,4,908,13,12,190,167,11,0,1,1
ITA,02/02/19,AWAY,SCOT,0,20,3,0,1,1,0,50.00%,427,21,180,146,43.00%,64.00%,30.00%,60.00%,8,23,12,108,102,4,3,13,6,3,907,13,13,177,153,4,0,0,3
IRE,02/02/19,HOME,ENG,0,20,2,0,2,2,0,100.00%,332,31,202,160,52.00%,67.00%,47.00%,59.00%,6,28,2,138,136,4,3,14,3,3,911,12,11,143,130,4,0,0,0
ENG,02/02/19,AWAY,IRE,5,32,4,0,3,2,0,71.00%,247,32,113,105,48.00%,33.00%,53.00%,41.00%,6,13,5,82,82,4,4,11,5,5,954,10,8,237,209,8,0,1,1
SCOT,09/02/19,HOME,IRE,0,13,1,0,1,2,0,100.00%,388,21,181,138,49.00%,33.00%,60.00%,28.00%,7,23,7,104,101,2,2,14,4,4,921,10,7,228,202,7,0,0,0
IRE,09/02/19,AWAY,SCOT,4,22,3,0,2,1,0,75.00%,365,24,184,158,51.00%,67.00%,40.00%,72.00%,10,26,2,137,134,6,5,16,10,10,910,11,11,179,156,6,0,0,0
ITA,09/02/19,HOME,WALES,0,15,2,0,1,1,0,50.00%,306,23,115,106,35.00%,55.00%,34.00%,48.00%,5,13,5,78,73,7,4,14,6,5,916,11,10,179,162,11,0,0,1
WALES,09/02/19,AWAY,ITA,4,26,2,0,2,4,0,100.00%,387,29,183,130,65.00%,45.00%,66.00%,52.00%,4,17,5,110,109,4,2,15,6,6,902,13,9,135,122,6,0,0,0
ENG,10/02/19,HOME,FRA,5,44,5,1,3,2,0,71.00%,431,47,155,127,63.00%,34.00%,71.00%,38.00%,9,16,7,90,88,3,2,21,6,6,954,12,10,214,181,4,0,0,0
FRA,10/02/19,AWAY,ENG,0,8,1,0,0,1,0,50.00%,557,35,168,163,37.00%,66.00%,29.00%,62.00%,22,33,20,111,108,3,3,21,7,6,926,12,9,141,125,6,0,1,0
FRA,23/02/19,HOME,SCOT,5,27,4,0,2,1,0,50.00%,520,27,137,143,35.00%,47.00%,41.00%,51.00%,17,35,14,100,97,7,7,12,5,5,917,11,11,231,204,10,0,1,1
SCOT,23/02/19,AWAY,FRA,0,10,1,0,1,1,0,67.00%,558,18,253,169,65.00%,53.00%,59.00%,49.00%,12,27,7,145,138,2,2,16,6,5,931,19,17,191,156,12,0,0,0
WALES,23/02/19,HOME,ENG,4,21,2,0,1,3,0,80.00%,368,34,162,167,61.00%,68.00%,64.00%,72.00%,5,15,8,142,139,4,3,14,6,5,905,13,10,150,136,3,0,0,1
ENG,23/02/19,AWAY,WALES,0,13,1,0,1,2,0,75.00%,284,33,103,98,39.00%,32.00%,36.00%,28.00%,6,14,3,80,79,5,4,13,3,2,939,4,4,242,227,9,0,0,1
ITA,24/02/19,HOME,IRE,0,16,2,0,0,2,0,33.00%,501,14,142,121,48.00%,38.00%,50.00%,39.00%,14,21,6,91,88,2,2,14,8,7,882,5,4,244,208,14,0,0,0
IRE,24/02/19,AWAY,ITA,5,26,4,0,3,0,0,75.00%,501,13,210,148,52.00%,62.00%,50.00%,61.00%,5,36,4,129,128,7,6,15,1,1,896,20,15,174,153,9,0,0,1
SCOT,09/03/19,HOME,WALES,1,11,1,0,0,2,0,67.00%,398,20,190,152,38.00%,75.00%,37.00%,78.00%,10,36,5,129,125,8,8,10,4,4,921,12,12,165,150,9,0,0,1
WALES,09/03/19,AWAY,SCOT,4,18,2,0,1,2,0,60.00%,223,27,130,120,62.00%,25.00%,63.00%,22.00%,10,15,10,90,89,4,4,10,3,3,909,10,9,250,214,11,0,0,0
ENG,09/03/19,HOME,ITA,5,57,8,0,7,1,0,89.00%,643,24,154,120,44.00%,34.00%,43.00%,34.00%,22,24,8,82,82,5,3,16,2,2,957,11,11,199,176,3,0,0,1
ITA,09/03/19,AWAY,ENG,0,14,2,0,2,0,0,100.00%,373,20,174,160,56.00%,66.00%,57.00%,66.00%,5,23,6,131,128,3,2,13,9,7,901,12,12,156,132,7,0,0,0
IRE,10/03/19,HOME,FRA,5,26,4,0,3,0,0,75.00%,386,20,204,154,77.00%,54.00%,89.00%,56.00%,8,33,5,120,116,6,6,15,9,7,901,18,17,131,105,7,0,0,0
FRA,10/03/19,AWAY,IRE,0,14,2,0,2,0,0,100.00%,138,21,100,89,23.00%,46.00%,11.00%,44.00%,3,26,6,63,61,4,3,13,8,7,917,13,10,238,205,12,0,1,1
ITA,16/03/19,HOME,FRA,0,14,1,0,0,3,0,60.00%,387,28,163,144,54.00%,73.00%,61.00%,78.00%,3,28,6,114,110,7,7,13,6,5,904,20,18,130,105,5,0,0,0
FRA,16/03/19,AWAY,ITA,4,25,3,0,2,1,1,80.00%,392,31,87,88,46.00%,27.00%,39.00%,22.00%,5,25,6,60,59,3,3,12,6,6,925,13,9,207,179,14,0,1,0
WALES,16/03/19,HOME,IRE,4,25,1,0,1,6,0,100.00%,118,26,65,60,61.00%,25.00%,63.00%,21.00%,3,8,1,48,45,5,4,8,11,9,909,12,11,188,177,11,0,0,1
IRE,16/03/19,AWAY,WALES,0,7,1,0,1,0,0,100.00%,227,18,131,120,39.00%,75.00%,37.00%,79.00%,3,11,2,101,100,11,8,20,3,3,902,17,15,95,87,11,0,0,1
ENG,16/03/19,HOME,SCOT,2,38,5,0,5,1,0,100.00%,674,29,205,177,57.00%,60.00%,69.00%,66.00%,24,45,10,124,121,11,11,18,1,1,954,16,16,150,115,5,0,0,0
SCOT,16/03/19,AWAY,ENG,2,38,6,0,4,0,0,57.00%,494,34,117,105,43.00%,40.00%,43.00%,40.00%,11,35,7,79,77,4,4,11,7,7,914,9,8,244,199,6,0,0,0
WALES,01/02/20,HOME,ITA,5,42,5,0,4,3,0,88.00%,563,28,166,123,48.00%,48.00%,53.00%,52.00%,12,26,5,86,82,5,5,12,8,5,916,8,6,188,163,9,0,0,2
ITA,01/02/20,AWAY,WALES,0,0,0,0,0,0,0,0.00%,396,18,199,143,52.00%,52.00%,47.00%,48.00%,10,25,13,103,99,6,3,18,15,13,892,15,14,169,143,10,0,0,3
IRE,01/02/20,HOME,SCOT,1,19,1,0,1,4,0,83.00%,413,21,148,130,59.00%,44.00%,54.00%,39.00%,9,20,4,105,104,8,6,13,2,2,898,10,9,190,164,9,0,0,1
SCOT,01/02/20,AWAY,IRE,4,21,0,0,0,4,0,80.00%,362,16,140,132,41.00%,56.00%,46.00%,61.00%,8,26,5,104,96,3,2,8,5,5,925,9,7,194,174,14,0,0,0
FRA,02/02/20,HOME,ENG,4,24,3,0,3,1,0,100.00%,326,39,70,93,43.00%,35.00%,40.00%,18.00%,8,26,7,74,72,2,2,14,5,5,939,17,14,203,182,7,0,0,0
ENG,02/02/20,AWAY,FRA,1,17,2,0,2,1,0,100.00%,224,33,158,142,57.00%,65.00%,60.00%,82.00%,6,21,8,113,109,8,8,15,10,10,912,18,17,134,108,5,0,0,1
IRE,08/02/20,HOME,WALES,5,24,4,0,2,0,0,50.00%,322,21,157,135,58.00%,50.00%,66.00%,49.00%,11,17,6,109,107,5,2,9,8,7,900,10,10,153,131,10,0,1,0
WALES,08/02/20,AWAY,IRE,0,14,2,0,2,0,0,100.00%,232,19,150,120,42.00%,50.00%,34.00%,51.00%,4,22,13,89,86,4,4,13,7,6,916,15,14,192,175,6,0,0,0
SCOT,08/02/20,HOME,ENG,1,6,0,0,0,2,0,100.00%,277,32,81,104,45.00%,65.00%,47.00%,71.00%,5,14,2,92,88,4,3,20,2,2,926,19,11,88,83,8,0,0,2
ENG,08/02/20,AWAY,SCOT,4,13,1,0,1,2,0,50.00%,220,47,66,70,55.00%,35.00%,53.00%,29.00%,2,5,0,59,56,8,8,7,9,8,929,12,10,162,148,6,0,0,3
FRA,09/02/20,HOME,ITA,5,35,5,0,2,2,0,50.00%,462,28,127,135,53.00%,35.00%,61.00%,33.00%,12,25,16,89,87,3,3,10,2,2,939,15,13,191,168,10,0,0,1
ITA,09/02/20,AWAY,FRA,0,22,3,0,2,1,0,60.00%,461,22,163,157,47.00%,65.00%,39.00%,67.00%,8,23,16,116,111,7,6,12,5,5,893,9,8,170,145,10,0,0,0
ITA,22/02/20,HOME,SCOT,0,0,0,0,0,0,0,0.00%,413,18,198,146,44.00%,52.00%,41.00%,42.00%,12,21,14,103,95,11,8,17,8,6,892,16,14,212,181,8,0,1,1
SCOT,22/02/20,AWAY,ITA,4,17,3,0,1,0,0,25.00%,561,30,171,152,56.00%,48.00%,59.00%,58.00%,11,31,6,113,106,7,5,15,4,3,920,15,14,187,166,10,0,0,1
WALES,22/02/20,HOME,FRA,1,23,2,0,2,3,0,100.00%,523,39,188,164,70.00%,52.00%,74.00%,50.00%,19,27,16,116,114,8,8,17,10,9,909,13,12,132,114,7,0,0,0
FRA,22/02/20,AWAY,WALES,4,27,3,0,3,2,0,83.00%,460,40,110,101,30.00%,48.00%,26.00%,50.00%,7,18,5,68,66,3,2,13,3,3,939,10,10,204,177,13,0,2,0
ENG,23/02/20,HOME,IRE,4,24,3,0,3,1,0,100.00%,206,24,129,91,55.00%,24.00%,67.00%,21.00%,3,10,4,69,66,4,3,11,4,4,917,11,9,197,180,13,0,0,0
IRE,23/02/20,AWAY,ENG,0,12,2,0,1,0,0,33.00%,235,17,145,123,45.00%,76.00%,33.00%,79.00%,3,17,2,110,108,7,5,15,10,8,910,16,14,116,106,7,0,0,0
ENG,07/03/20,HOME,WALES,4,33,3,0,3,4,0,100.00%,375,37,117,92,43.00%,30.00%,44.00%,29.00%,10,13,3,67,66,4,3,9,5,5,919,6,6,227,203,10,1,1,1
WALES,07/03/20,AWAY,ENG,1,30,3,0,3,3,0,100.00%,496,34,232,167,57.00%,70.00%,56.00%,71.00%,14,24,9,124,123,4,3,13,5,4,905,15,14,116,103,6,0,0,0
SCOT,08/03/20,HOME,FRA,0,28,3,0,2,3,0,83.00%,340,28,94,79,48.00%,31.00%,46.00%,35.00%,10,13,3,53,49,6,4,11,10,10,923,13,10,196,171,7,0,0,0
FRA,08/03/20,AWAY,SCOT,4,17,2,0,2,1,0,75.00%,438,22,128,138,52.00%,69.00%,54.00%,65.00%,13,25,13,100,95,3,2,17,4,4,938,12,12,89,76,11,1,1,2
IRE,24/10/20,HOME,ITA,5,50,7,0,6,1,0,88.00%,593,26,163,124,43.00%,57.00%,44.00%,56.00%,17,24,10,95,93,6,5,11,4,4,902,10,9,145,132,8,0,1,1
ITA,24/10/20,AWAY,IRE,0,17,2,0,2,1,0,100.00%,269,23,140,108,57.00%,43.00%,56.00%,44.00%,5,13,4,94,86,9,6,7,5,4,901,19,15,161,137,10,0,0,1
WALES,31/10/20,HOME,SCOT,1,10,1,0,1,1,0,100.00%,191,28,107,84,46.00%,41.00%,46.00%,35.00%,3,11,5,72,65,3,3,7,9,9,937,12,9,170,147,16,0,0,1
SCOT,31/10/20,AWAY,WALES,4,14,1,0,0,3,0,60.00%,269,16,152,120,54.00%,59.00%,54.00%,65.00%,5,23,1,102,100,11,8,16,5,5,920,15,11,113,102,6,0,0,0
ITA,31/10/20,HOME,ENG,0,5,1,0,0,0,0,0.00%,197,31,101,81,56.00%,39.00%,51.00%,33.00%,5,16,2,61,56,5,3,19,5,3,901,20,18,109,97,13,0,1,2
ENG,31/10/20,AWAY,ITA,5,34,5,0,3,1,0,67.00%,329,44,105,91,44.00%,61.00%,49.00%,67.00%,6,12,3,70,66,9,7,12,11,11,957,14,14,94,78,13,0,1,1
FRA,31/10/20,HOME,IRE,4,35,2,1,2,3,0,83.00%,326,36,106,101,35.00%,44.00%,28.00%,44.00%,12,15,14,74,69,1,1,14,5,5,939,8,7,173,151,14,0,1,1
IRE,31/10/20,AWAY,FRA,0,27,3,0,3,2,0,83.00%,316,24,171,126,65.00%,56.00%,72.00%,56.00%,2,22,3,112,110,7,6,16,10,10,902,17,14,114,99,7,0,1,0
ITA,06/02/21,HOME,FRA,0,10,1,0,1,1,0,100.00%,510,23,198,150,66.00%,55.00%,68.00%,53.00%,9,19,7,116,112,4,3,12,3,3,913,14,11,115,87,12,0,0,0
FRA,06/02/21,AWAY,ITA,5,50,7,0,6,1,0,88.00%,484,34,104,94,34.00%,45.00%,32.00%,47.00%,14,28,9,58,54,5,5,10,6,5,933,13,12,180,161,9,0,0,1
ENG,06/02/21,HOME,SCOT,1,6,0,0,0,2,0,100.00%,219,35,85,70,27.00%,41.00%,26.00%,34.00%,0,11,2,60,56,10,9,13,5,5,956,13,11,192,163,15,0,1,2
SCOT,06/02/21,AWAY,ENG,4,11,1,0,0,2,0,40.00%,340,43,118,134,73.00%,59.00%,74.00%,66.00%,11,29,4,117,116,8,7,12,6,6,913,15,15,103,92,6,0,1,1
WALES,07/02/21,HOME,IRE,4,21,2,0,1,3,0,80.00%,232,28,131,95,36.00%,36.00%,28.00%,36.00%,3,17,5,83,78,2,1,13,5,5,925,15,11,271,245,11,0,0,0
IRE,07/02/21,AWAY,WALES,1,16,1,0,1,3,0,100.00%,536,35,262,189,64.00%,64.00%,72.00%,64.00%,7,26,3,168,165,4,4,18,5,5,904,9,7,127,110,11,1,0,0
ENG,13/02/21,HOME,ITA,5,41,6,0,4,1,0,71.00%,561,21,198,147,60.00%,53.00%,69.00%,59.00%,14,31,4,107,102,7,7,14,4,3,960,9,9,111,99,12,0,0,1
ITA,13/02/21,AWAY,ENG,0,18,2,0,1,2,0,75.00%,325,21,122,92,40.00%,47.00%,31.00%,41.00%,5,12,5,78,74,5,4,13,8,7,904,16,15,215,184,11,0,0,1
SCOT,13/02/21,HOME,WALES,1,24,3,0,3,1,0,100.00%,508,26,168,145,49.00%,72.00%,52.00%,74.00%,11,27,5,120,115,7,7,10,7,6,913,3,2,110,104,11,1,0,0
WALES,13/02/21,AWAY,SCOT,5,25,4,0,1,1,0,40.00%,188,27,118,81,51.00%,28.00%,48.00%,26.00%,7,6,4,66,63,8,7,9,11,9,920,12,11,206,179,12,0,0,0
IRE,14/02/21,HOME,FRA,1,13,1,0,1,2,0,75.00%,365,41,192,133,61.00%,57.00%,69.00%,49.00%,4,24,3,115,112,3,3,16,7,7,910,9,9,132,107,5,0,0,0
FRA,14/02/21,AWAY,IRE,4,15,2,0,1,1,0,40.00%,374,32,110,97,39.00%,43.00%,31.00%,51.00%,11,25,12,74,69,3,2,18,6,6,936,18,15,201,177,9,0,1,0
ITA,27/02/21,HOME,IRE,0,10,1,0,1,1,0,100.00%,214,17,157,108,54.00%,38.00%,54.00%,30.00%,5,12,6,97,91,3,2,11,7,4,904,13,12,179,154,10,0,2,0
IRE,27/02/21,AWAY,ITA,5,48,6,0,6,2,0,100.00%,532,17,144,134,46.00%,62.00%,46.00%,70.00%,9,25,5,106,104,9,6,11,2,1,903,14,13,147,135,10,0,0,3
WALES,27/02/21,HOME,ENG,5,40,4,0,4,4,0,100.00%,244,36,126,93,57.00%,52.00%,57.00%,53.00%,4,10,0,84,82,9,8,10,3,3,915,17,16,130,111,9,0,0,1
ENG,27/02/21,AWAY,WALES,0,24,2,0,1,4,0,71.00%,388,24,128,91,43.00%,48.00%,43.00%,47.00%,10,19,2,77,70,2,2,12,5,5,959,5,4,128,118,14,0,0,0
FRA,26/03/21,HOME,SCOT,4,23,3,0,1,2,0,60.00%,435,20,136,116,56.00%,30.00%,57.00%,24.00%,9,20,7,77,72,5,5,12,4,4,928,13,12,215,199,15,0,1,0
SCOT,26/03/21,AWAY,FRA,1,27,3,0,3,2,0,100.00%,280,26,147,147,44.00%,70.00%,43.00%,76.00%,2,16,7,127,123,14,13,5,3,2,914,20,18,143,123,15,1,1,0
ITA,13/03/21,HOME,WALES,0,7,1,0,1,0,0,100.00%,348,17,214,135,47.00%,59.00%,43.00%,63.00%,5,16,6,110,108,5,5,20,3,3,902,16,14,146,129,10,0,2,0
WALES,13/03/21,AWAY,ITA,5,48,7,0,5,1,0,75.00%,528,27,191,120,53.00%,41.00%,57.00%,37.00%,12,17,7,88,86,11,11,10,8,8,911,13,13,181,165,8,0,0,0
ENG,13/03/21,HOME,FRA,4,23,2,0,2,3,0,100.00%,533,31,169,128,54.00%,64.00%,57.00%,70.00%,10,28,8,95,87,9,8,11,6,6,947,14,14,119,90,12,0,0,1
FRA,13/03/21,AWAY,ENG,1,20,2,0,2,2,0,100.00%,402,32,125,95,46.00%,36.00%,43.00%,30.00%,9,29,6,64,61,1,1,16,3,3,952,16,14,172,144,8,0,0,0
SCOT,14/03/21,HOME,IRE,1,24,3,0,3,1,0,80.00%,325,22,123,113,39.00%,51.00%,34.00%,55.00%,6,25,5,92,86,2,1,16,5,4,903,8,2,160,147,11,0,0,1
IRE,14/03/21,AWAY,SCOT,4,27,2,0,1,5,0,86.00%,298,31,158,113,61.00%,49.00%,66.00%,45.00%,3,13,4,99,94,6,5,11,3,4,906,11,9,176,151,9,0,0,1
SCOT,20/03/21,HOME,ITA,5,52,8,0,6,0,0,75.00%,721,17,229,166,70.00%,64.00%,77.00%,67.00%,17,48,13,129,125,9,9,5,5,5,910,17,15,108,102,12,0,0,0
ITA,20/03/21,AWAY,SCOT,0,10,1,0,1,1,0,100.00%,228,10,112,79,30.00%,36.00%,23.00%,33.00%,5,6,6,60,58,3,3,9,5,4,896,14,10,247,199,16,0,3,0
IRE,20/03/21,HOME,ENG,4,32,2,0,2,6,0,100.00%,216,27,115,93,62.00%,45.00%,62.00%,39.00%,4,10,3,79,75,3,3,6,5,5,897,11,10,105,92,12,1,1,1
ENG,20/03/21,AWAY,IRE,0,18,2,0,1,2,0,75.00%,213,16,86,75,38.00%,55.00%,38.00%,61.00%,5,13,4,59,55,13,7,11,5,3,947,17,17,125,115,14,0,0,2
FRA,20/03/21,HOME,WALES,5,32,4,0,3,2,0,83.00%,506,19,176,151,37.00%,64.00%,32.00%,67.00%,9,28,12,105,105,4,4,13,7,7,952,14,13,174,166,6,1,1,0
WALES,20/03/21,AWAY,FRA,1,30,3,0,3,3,0,100.00%,356,29,154,122,63.00%,36.00%,68.00%,33.00%,5,8,4,103,101,6,6,6,7,7,915,8,8,199,171,15,0,2,0
IRE,05/02/22,HOME,WALES,5,29,4,0,3,1,0,57.00%,520,23,240,148,64.00%,56.00%,49.00%,65.00%,9,22,6,122,120,9,8,19,11,11,903,16,15,130,120,6,0,0,0
WALES,05/02/22,AWAY,IRE,0,8,1,0,1,0,0,100.00%,220,14,162,95,36.00%,44.00%,51.00%,35.00%,4,10,8,80,76,4,3,16,6,5,913,12,8,209,187,14,0,1,0
SCOT,05/02/22,HOME,ENG,4,20,1,1,1,2,0,100.00%,301,27,103,78,38.00%,55.00%,28.00%,48.00%,5,17,3,63,58,7,6,11,7,4,916,16,16,132,124,13,0,0,2
ENG,05/02/22,AWAY,SCOT,1,17,1,0,0,4,0,80.00%,418,32,114,99,62.00%,45.00%,72.00%,52.00%,3,8,7,77,73,10,10,10,8,5,915,17,15,112,95,10,0,1,2
FRA,06/02/22,HOME,ITA,5,37,5,0,3,2,0,71.00%,492,33,157,124,62.00%,54.00%,66.00%,64.00%,7,23,9,96,91,10,9,10,5,4,942,18,17,107,100,14,0,0,0
ITA,06/02/22,AWAY,FRA,0,10,1,0,1,1,0,100.00%,264,30,97,80,38.00%,46.00%,34.00%,36.00%,2,7,1,73,68,2,2,17,6,6,895,16,14,181,158,10,0,0,0
WALES,12/02/22,HOME,SCOT,4,20,1,0,0,4,1,67.00%,463,37,146,124,48.00%,52.00%,48.00%,60.00%,1,13,4,103,100,9,8,7,6,4,905,12,12,201,176,8,0,0,0
SCOT,12/02/22,AWAY,WALES,1,17,1,0,0,4,0,80.00%,466,28,178,131,52.00%,48.00%,52.00%,40.00%,5,25,7,114,109,5,5,11,7,4,917,12,12,174,161,13,0,1,0
FRA,12/02/22,HOME,IRE,4,30,2,0,1,6,0,88.00%,334,32,125,101,52.00%,43.00%,55.00%,48.00%,3,16,8,83,79,1,1,12,5,5,948,14,12,130,119,7,0,0,1
IRE,12/02/22,AWAY,FRA,1,24,3,0,3,1,0,100.00%,355,32,157,112,48.00%,57.00%,45.00%,52.00%,3,11,7,87,82,6,6,18,3,3,903,15,13,150,134,10,0,0,0
ITA,13/02/22,HOME,ENG,0,0,0,0,0,0,0,0.00%,288,24,127,82,31.00%,51.00%,46.00%,70.00%,5,10,8,67,62,8,7,13,13,10,905,20,17,197,178,12,0,0,0
ENG,13/02/22,AWAY,ITA,5,33,5,0,4,0,0,80.00%,691,21,208,144,69.00%,49.00%,54.00%,30.00%,10,19,9,112,108,8,7,20,4,4,939,17,15,106,96,12,0,0,2
SCOT,26/02/22,HOME,FRA,0,17,2,0,2,1,0,100.00%,596,11,190,135,55.00%,61.00%,61.00%,39.00%,3,25,5,104,95,4,3,16,9,6,922,9,7,87,68,12,0,0,1
FRA,26/02/22,AWAY,SCOT,5,36,6,0,3,0,0,38.00%,453,26,97,75,45.00%,39.00%,39.00%,61.00%,6,19,10,41,37,9,9,13,15,14,948,13,12,178,153,9,0,0,1
ENG,26/02/22,HOME,WALES,4,23,1,0,0,6,0,75.00%,414,24,162,132,60.00%,40.00%,51.00%,54.00%,2,19,6,113,110,2,2,12,5,3,922,8,6,184,164,13,0,0,1
WALES,26/02/22,AWAY,ENG,1,19,3,0,2,0,0,67.00%,461,19,226,153,40.00%,60.00%,49.00%,46.00%,5,20,14,117,109,7,7,12,5,5,914,17,14,187,168,13,0,1,0
IRE,27/02/22,HOME,ITA,5,57,9,0,6,0,0,67.00%,732,24,282,165,61.00%,60.00%,64.00%,65.00%,10,25,10,124,118,9,9,16,5,5,900,19,18,117,105,9,0,0,0
ITA,27/02/22,AWAY,IRE,0,6,0,0,0,2,0,67.00%,171,33,87,82,39.00%,40.00%,36.00%,35.00%,0,12,4,72,68,3,2,14,7,7,900,13,12,203,178,8,1,1,0
WALES,11/03/22,HOME,FRA,1,9,0,0,0,3,0,100.00%,369,39,158,113,47.00%,59.00%,45.00%,67.00%,1,8,6,90,84,3,3,12,12,9,941,9,9,126,114,9,0,0,2
FRA,11/03/22,AWAY,WALES,4,13,1,0,1,2,0,75.00%,282,30,98,98,53.00%,41.00%,55.00%,33.00%,4,12,10,69,68,4,3,15,6,5,948,14,13,136,131,8,0,0,1
ITA,12/03/22,HOME,SCOT,0,22,3,0,2,1,0,50.00%,542,41,222,126,50.00%,52.00%,53.00%,48.00%,7,29,9,98,91,3,3,12,6,6,898,12,11,178,138,7,0,0,0
SCOT,12/03/22,AWAY,ITA,5,33,5,0,4,0,0,80.00%,636,35,173,127,50.00%,48.00%,47.00%,52.00%,11,40,8,98,94,6,6,17,2,2,903,19,16,186,157,8,0,0,2
ENG,12/03/22,HOME,IRE,0,15,0,0,0,5,0,83.00%,214,24,69,59,46.00%,40.00%,48.00%,32.00%,1,7,4,45,42,7,7,6,10,7,913,15,13,163,137,8,1,0,2
IRE,12/03/22,AWAY,ENG,5,32,4,0,3,2,0,83.00%,555,22,192,143,54.00%,60.00%,52.00%,68.00%,8,26,11,89,87,4,2,17,1,1,894,9,9,82,75,15,0,0,2
WALES,19/03/22,HOME,ITA,1,21,3,0,3,0,0,100.00%,421,32,206,132,50.00%,57.00%,50.00%,51.00%,6,23,13,109,102,8,7,13,1,1,934,14,13,141,121,12,0,0,0
ITA,19/03/22,AWAY,WALES,4,22,1,0,1,5,0,86.00%,464,41,130,98,50.00%,43.00%,50.00%,49.00%,6,20,7,84,77,2,1,10,8,8,899,8,7,198,175,9,0,0,0
IRE,19/03/22,HOME,SCOT,5,26,4,0,3,0,0,75.00%,547,25,185,126,48.00%,5.00%,51.00%,55.00%,3,14,5,104,102,13,10,15,5,4,898,20,19,146,125,10,0,0,0
SCOT,19/03/22,AWAY,IRE,0,5,1,0,0,0,0,0.00%,414,25,179,110,52.00%,45.00%,49.00%,45.00%,5,21,5,88,84,7,7,14,6,4,910,13,12,170,156,15,0,1,1
FRA,19/03/22,HOME,ENG,4,25,3,0,2,2,0,67.00%,305,30,100,98,51.00%,39.00%,60.00%,27.00%,3,17,13,71,70,5,5,12,9,6,948,11,10,148,130,9,0,0,0
ENG,19/03/22,AWAY,FRA,0,13,1,0,1,2,0,100.00%,588,34,164,124,49.00%,61.00%,40.00%,73.00%,2,18,4,91,85,4,4,10,6,5,931,12,12,120,103,8,0,0,1
WALES,04/02/23,HOME,IRE,0,10,1,0,1,1,0,100.00%,421,25,177,140,40.00%,54.00%,46.00%,51.00%,6,17,10,102,98,5,3,14,4,3,920,13,10,217,184,15,0,1,1
IRE,04/02/23,AWAY,WALES,5,34,4,0,4,2,0,100.00%,436,29,154,133,60.00%,46.00%,54.00%,49.00%,6,33,5,107,103,11,11,8,9,6,906,15,15,172,155,13,0,0,2
ENG,04/02/23,HOME,SCOT,1,23,3,0,1,2,0,60.00%,559,37,207,178,58.00%,56.00%,68.00%,74.00%,2,22,7,130,125,5,5,9,2,2,922,16,14,126,101,10,0,0,1
SCOT,04/02/23,AWAY,ENG,5,29,4,0,3,1,0,80.00%,388,42,126,108,42.00%,44.00%,32.00%,26.00%,6,25,4,66,65,1,1,11,7,5,918,10,10,236,214,9,0,0,0
ITA,05/02/23,HOME,FRA,1,24,1,1,0,4,0,67.00%,391,26,202,147,53.00%,60.00%,44.00%,40.00%,3,18,4,105,103,6,5,12,6,5,891,22,20,159,122,7,0,0,0
FRA,05/02/23,AWAY,ITA,5,29,4,0,3,1,0,67.00%,417,25,135,107,47.00%,40.00%,56.00%,60.00%,6,37,11,70,65,6,6,12,2,2,956,9,7,187,169,18,0,1,1
IRE,11/02/23,HOME,FRA,5,32,4,0,3,2,0,83.00%,687,39,222,178,52.00%,56.00%,68.00%,61.00%,7,23,6,142,136,7,7,10,4,4,902,11,8,177,139,8,0,0,0
FRA,11/02/23,AWAY,IRE,0,19,1,0,1,3,1,80.00%,649,37,180,136,48.00%,44.00%,32.00%,39.00%,6,38,12,88,85,4,4,14,1,1,956,10,9,258,235,7,0,1,1
SCOT,11/02/23,HOME,WALES,5,35,5,0,2,2,0,57.00%,468,30,157,114,42.00%,58.00%,30.00%,46.00%,10,34,4,82,78,12,11,9,5,2,928,20,19,177,166,11,0,1,1
WALES,11/02/23,AWAY,SCOT,0,7,1,0,1,0,0,50.00%,308,25,182,129,58.00%,42.00%,70.00%,54.00%,1,11,8,107,104,8,7,10,3,3,903,14,11,169,135,17,0,2,0
ENG,12/02/23,HOME,ITA,5,31,4,1,2,0,0,50.00%,302,30,129,96,53.00%,44.00%,60.00%,59.00%,4,21,5,70,68,10,9,15,9,7,928,21,21,212,171,7,0,0,1
ITA,12/02/23,AWAY,ENG,0,14,2,0,2,0,0,100.00%,401,23,199,146,47.00%,56.00%,40.00%,41.00%,6,41,12,112,106,2,1,13,9,6,895,14,14,146,125,14,0,2,1
ITA,25/02/23,HOME,IRE,0,20,2,0,2,2,0,100.00%,462,19,188,108,56.00%,44.00%,42.00%,34.00%,6,24,3,81,75,4,3,16,8,7,891,14,13,189,171,10,0,0,1
IRE,25/02/23,AWAY,ITA,5,34,5,0,3,1,0,67.00%,512,23,186,134,44.00%,56.00%,58.00%,66.00%,9,18,7,94,94,10,9,13,5,4,909,12,11,141,117,10,0,0,2
WALES,25/02/23,HOME,ENG,0,10,1,0,1,1,0,100.00%,363,34,172,128,55.00%,47.00%,49.00%,42.00%,4,18,7,111,103,2,1,9,11,6,930,9,8,179,163,9,0,0,1
ENG,25/02/23,AWAY,WALES,4,20,3,0,1,1,0,33.00%,382,38,146,126,45.00%,53.00%,51.00%,58.00%,8,16,2,100,95,1,0,21,8,6,928,5,4,188,170,6,0,0,2
FRA,26/02/23,HOME,SCOT,5,32,4,0,3,2,0,83.00%,426,26,105,100,45.00%,45.00%,34.00%,45.00%,7,22,5,66,63,4,3,7,7,6,936,13,12,171,151,10,1,0,0
SCOT,26/02/23,AWAY,FRA,0,21,3,0,3,0,0,100.00%,426,20,177,124,55.00%,55.00%,66.00%,55.00%,3,20,8,90,86,10,10,17,5,4,922,18,16,147,125,9,1,0,1
ITA,11/03/23,HOME,WALES,0,17,2,0,2,1,0,100.00%,530,20,182,119,50.00%,60.00%,50.00%,54.00%,11,38,11,83,82,9,7,15,11,9,891,15,12,90,77,13,0,2,0
WALES,11/03/23,AWAY,ITA,4,29,3,1,2,1,0,60.00%,354,36,89,69,50.00%,40.00%,50.00%,46.00%,4,13,5,51,47,8,7,11,6,4,913,16,14,165,127,14,0,0,1
ENG,11/03/23,HOME,FRA,0,10,1,0,1,1,0,100.00%,446,32,145,111,47.00%,59.00%,55.00%,56.00%,1,20,3,95,89,3,2,18,5,5,928,13,13,142,115,11,0,0,0
FRA,11/03/23,AWAY,ENG,5,53,7,0,6,2,0,89.00%,506,42,105,108,53.00%,41.00%,45.00%,44.00%,9,27,11,71,68,2,2,15,9,4,931,14,12,144,124,12,0,0,3
SCOT,12/03/23,HOME,IRE,0,7,1,0,1,0,0,100.00%,477,19,201,122,49.00%,50.00%,43.00%,38.00%,2,27,10,103,100,4,4,15,8,7,930,11,7,172,161,10,0,0,0
IRE,12/03/23,AWAY,SCOT,4,22,3,0,2,1,0,75.00%,580,28,175,123,51.00%,50.00%,57.00%,62.00%,7,11,9,100,98,9,8,13,6,3,904,18,14,181,154,6,0,0,3
SCOT,18/03/23,HOME,ITA,5,26,4,0,3,0,0,75.00%,566,18,196,153,59.00%,48.00%,63.00%,43.00%,5,35,14,116,110,3,3,8,8,7,915,9,6,174,165,15,0,0,1
ITA,18/03/23,AWAY,SCOT,0,14,1,0,0,3,0,60.00%,398,19,210,129,41.00%,52.00%,37.00%,57.00%,3,9,6,98,95,6,6,16,5,3,886,15,12,230,195,10,0,1,1
FRA,18/03/23,HOME,WALES,5,41,5,0,5,2,0,100.00%,454,26,119,107,43.00%,50.00%,32.00%,67.00%,6,20,6,78,76,2,2,12,5,5,965,10,9,161,141,6,0,0,0
WALES,18/03/23,AWAY,FRA,1,28,4,0,4,0,0,100.00%,371,26,167,128,57.00%,50.00%,68.00%,33.00%,4,20,16,92,89,4,4,13,7,5,920,15,14,153,133,8,0,0,1
IRE,18/03/23,HOME,ENG,5,29,4,0,3,1,0,80.00%,471,34,172,128,62.00%,43.00%,57.00%,43.00%,10,34,3,104,102,7,7,19,5,4,901,14,12,154,139,7,0,0,0
ENG,18/03/23,AWAY,IRE,0,16,1,0,1,3,0,100.00%,282,33,126,104,38.00%,57.00%,43.00%,57.00%,1,15,4,85,82,7,5,11,9,6,931,11,9,181,147,13,1,1,1
FRA,02/02/24,HOME,IRE,0,17,2,0,2,1,0,75.00%,288,20,119,93,47.00%,42.00%,41.00%,57.00%,5,20,7,77,75,8,7,13,2,2,964,18,14,168,148,8,1,1,1
IRE,02/02/24,AWAY,FRA,5,38,5,0,5,1,0,80.00%,374,33,180,113,53.00%,58.00%,59.00%,43.00%,6,20,3,94,92,5,5,7,8,5,906,13,13,138,118,13,0,1,0
ITA,03/02/24,HOME,ENG,1,24,3,0,3,1,0,80.00%,334,24,146,98,34.00%,54.00%,42.00%,38.00%,6,19,8,72,70,2,2,11,7,6,901,15,12,187,162,11,0,1,0
ENG,03/02/24,AWAY,ITA,4,27,2,0,1,5,0,86.00%,327,31,153,119,66.00%,46.00%,58.00%,62.00%,4,25,4,98,97,9,9,10,4,2,918,12,11,127,108,8,0,1,1
WALES,03/02/24,HOME,SCOT,2,26,4,0,3,0,0,75.00%,445,33,194,140,46.00%,62.00%,55.00%,54.00%,6,20,5,110,110,7,6,11,4,3,924,20,14,169,156,4,0,0,1
SCOT,03/02/24,AWAY,WALES,4,27,3,0,3,2,0,100.00%,370,38,140,121,54.00%,38.00%,45.00%,46.00%,5,13,10,97,92,1,1,4,9,4,925,6,4,183,163,16,0,2,1
SCOT,10/02/24,HOME,FRA,1,16,1,0,1,3,0,100.00%,405,44,145,125,57.00%,55.00%,54.00%,51.00%,3,17,7,108,105,4,4,12,8,6,911,14,12,132,115,6,0,0,0
FRA,10/02/24,AWAY,SCOT,4,20,2,0,2,2,0,100.00%,331,41,118,89,43.00%,45.00%,46.00%,49.00%,3,17,4,19,16,2,2,15,4,4,946,10,8,170,153,9,0,1,1
ENG,10/02/24,HOME,WALES,4,16,2,0,0,2,0,50.00%,277,32,104,73,32.00%,56.00%,56.00%,66.00%,5,22,1,66,63,3,3,14,11,7,918,12,11,173,149,7,0,2,1
WALES,10/02/24,AWAY,ENG,1,14,1,1,1,0,0,100.00%,245,33,146,120,68.00%,44.00%,44.00%,34.00%,4,24,5,102,101,7,5,13,7,4,894,16,14,124,102,5,0,1,1
IRE,11/02/24,HOME,ITA,5,36,6,0,3,0,0,50.00%,606,27,255,168,59.00%,67.00%,51.00%,74.00%,12,33,12,124,119,8,8,14,8,8,922,13,13,105,88,11,0,0,1
ITA,11/02/24,AWAY,IRE,0,0,0,0,0,0,0,0.00%,243,23,100,79,41.00%,33.00%,49.00%,26.00%,1,17,4,65,63,0,0,16,5,4,905,14,9,235,202,9,0,1,2
IRE,24/02/24,HOME,WALES,5,31,4,0,4,1,0,100.00%,497,26,256,159,69.00%,46.00%,59.00%,49.00%,12,36,10,131,130,6,5,10,3,3,906,14,12,205,190,13,0,2,1
WALES,24/02/24,AWAY,IRE,0,4,0,1,0,0,0,0.00%,289,22,141,126,31.00%,54.00%,41.00%,51.00%,1,15,3,115,109,3,2,8,8,5,894,12,10,230,194,12,0,0,2
SCOT,24/02/24,HOME,ENG,4,30,3,0,3,3,0,100.00%,299,34,98,86,44.00%,48.00%,33.00%,52.00%,4,19,7,69,66,6,6,15,12,7,911,16,14,172,150,10,0,1,1
ENG,24/02/24,AWAY,SCOT,0,21,2,0,1,2,0,75.00%,380,31,149,102,56.00%,52.00%,67.00%,48.00%,4,22,2,82,80,8,6,22,3,3,912,14,13,124,105,5,0,0,3
FRA,25/02/24,HOME,ITA,2,13,1,0,1,2,0,100.00%,454,20,193,138,58.00%,47.00%,70.00%,44.00%,5,33,13,104,100,7,6,19,5,4,969,16,15,129,118,12,1,0,1
ITA,25/02/24,AWAY,FRA,2,13,1,0,1,2,0,75.00%,432,22,177,113,42.00%,53.00%,30.00%,56.00%,4,11,13,85,82,4,4,11,10,6,877,15,14,211,178,12,0,0,0
ITA,09/03/24,HOME,SCOT,4,31,3,0,2,4,0,86.00%,337,30,126,92,46.00%,36.00%,48.00%,49.00%,5,15,2,82,79,2,2,11,3,2,885,12,9,252,214,5,0,0,0
SCOT,09/03/24,AWAY,ITA,2,29,4,0,3,1,0,80.00%,681,25,249,179,54.00%,64.00%,52.00%,51.00%,6,38,19,132,129,3,3,16,5,5,904,10,10,146,131,12,0,0,0
ENG,09/03/24,HOME,IRE,4,23,3,0,1,1,1,33.00%,522,23,163,114,55.00%,50.00%,66.00%,54.00%,8,25,9,84,80,6,5,13,3,3,923,15,14,138,120,10,0,0,0
IRE,09/03/24,AWAY,ENG,1,22,2,0,0,4,0,67.00%,243,28,121,93,45.00%,50.00%,34.00%,46.00%,2,18,6,72,71,7,7,9,5,3,906,13,11,173,148,8,0,1,1
WALES,10/03/24,HOME,FRA,0,24,3,0,3,1,0,100.00%,352,25,163,92,38.00%,50.00%,41.00%,27.00%,5,13,4,74,72,2,2,14,7,4,919,11,9,200,174,7,0,0,0
FRA,10/03/24,AWAY,WALES,5,45,5,0,4,4,0,89.00%,516,23,174,140,62.00%,50.00%,59.00%,73.00%,7,26,11,106,103,4,3,11,11,10,972,8,7,130,117,3,0,0,1
WALES,16/03/24,HOME,ITA,1,21,3,0,3,0,0,100.00%,428,30,238,165,52.00%,69.00%,44.00%,67.00%,6,28,5,148,139,5,5,17,5,4,896,19,19,117,99,13,0,0,0
ITA,16/03/24,AWAY,WALES,4,24,2,0,1,4,0,83.00%,305,36,98,84,48.00%,31.00%,56.00%,33.00%,5,18,6,64,61,1,1,13,8,6,891,13,13,244,216,9,0,0,1
IRE,16/03/24,HOME,SCOT,4,17,2,0,2,1,0,75.00%,482,30,220,152,60.00%,57.00%,56.00%,75.00%,4,21,6,128,125,5,3,21,8,7,906,15,13,142,116,4,0,1,1
SCOT,16/03/24,AWAY,IRE,1,13,1,0,1,2,0,100.00%,342,30,132,93,40.00%,43.00%,44.00%,25.00%,4,26,4,81,79,3,3,14,8,7,904,8,6,254,233,13,0,1,1
FRA,16/03/24,HOME,ENG,4,33,3,0,3,4,0,88.00%,459,37,148,125,55.00%,62.00%,49.00%,55.00%,7,36,10,92,91,6,5,15,3,2,972,17,16,95,77,5,0,0,1
ENG,16/03/24,AWAY,FRA,2,31,4,0,4,1,0,100.00%,290,34,82,65,45.00%,38.00%,51.00%,45.00%,7,18,2,50,49,6,5,14,3,3,923,15,13,176,140,10,0,0,0
FRA,31/01/25,HOME,WALES,5,43,7,0,4,0,0,57.00%,431,28,147,143,58.00%,42.00%,71.00%,37.00%,8,27,13,104,103,9,9,15,7,5,955,15,14,193,181,3,1,0,2
WALES,31/01/25,AWAY,FRA,0,0,0,0,0,0,0,0.00%,406,26,235,158,42.00%,58.00%,29.00%,63.00%,5,12,5,128,125,3,2,14,10,9,920,8,7,212,185,12,0,2,0
SCOT,01/02/25,HOME,ITA,5,31,5,0,3,0,0,60.00%,526,28,200,162,63.00%,53.00%,64.00%,48.00%,7,30,14,128,123,5,5,13,8,5,915,13,13,147,131,8,0,0,1
ITA,01/02/25,AWAY,SCOT,0,19,1,0,1,4,0,100.00%,380,27,146,94,37.00%,47.00%,36.00%,52.00%,4,16,5,17,13,4,3,13,5,5,891,14,13,242,212,7,0,0,0
IRE,01/02/25,HOME,ENG,5,27,4,0,2,1,0,60.00%,465,31,210,125,55.00%,45.00%,49.00%,68.00%,10,26,9,96,90,3,3,16,7,5,909,23,23,186,153,8,0,0,1
ENG,01/02/25,AWAY,IRE,1,22,3,0,2,1,0,75.00%,434,38,133,107,45.00%,55.00%,51.00%,32.00%,9,33,3,90,89,3,3,16,4,3,918,15,14,182,156,11,0,1,2
ITA,08/02/25,HOME,WALES,4,22,1,0,1,5,0,67.00%,224,50,63,74,50.00%,43.00%,41.00%,69.00%,1,15,0,61,60,6,6,9,12,7,891,12,11,164,144,11,0,2,1
WALES,08/02/25,AWAY,ITA,0,15,1,1,0,1,0,50.00%,235,41,137,111,50.00%,57.00%,59.00%,31.00%,2,20,3,96,91,6,6,11,1,1,921,17,16,101,86,14,0,1,1
ENG,08/02/25,HOME,FRA,5,26,4,0,3,0,0,60.00%,484,46,118,96,45.00%,5.00%,42.00%,50.00%,8,31,5,68,66,3,3,11,10,9,914,13,10,148,123,6,0,0,0
FRA,08/02/25,AWAY,ENG,1,25,3,0,2,2,0,67.00%,607,37,150,134,55.00%,45.00%,58.00%,50.00%,9,25,9,74,70,4,4,19,5,5,955,9,9,139,108,8,0,0,1
SCOT,09/02/25,HOME,IRE,0,18,2,0,1,2,0,75.00%,337,18,192,130,51.00%,64.00%,44.00%,49.00%,4,25,9,107,103,5,3,18,6,5,915,14,13,113,99,9,0,1,1
IRE,09/02/25,AWAY,SCOT,5,32,4,0,3,2,0,83.00%,261,24,150,80,49.00%,36.00%,56.00%,51.00%,6,14,2,70,65,3,1,15,9,8,904,10,6,189,164,11,0,0,1
WALES,22/02/25,HOME,IRE,0,18,2,0,1,2,0,75.00%,362,24,251,145,62.00%,53.00%,52.00%,50.00%,6,33,13,112,106,5,5,12,4,3,913,20,19,146,133,12,0,0,1
IRE,22/02/25,AWAY,WALES,4,27,2,0,1,5,0,67.00%,221,38,160,106,38.00%,47.00%,48.00%,50.00%,2,13,8,88,86,2,2,10,8,4,910,15,13,201,168,11,1,0,0
ENG,22/02/25,HOME,SCOT,4,16,1,0,1,3,0,100.00%,322,36,102,78,44.00%,40.00%,41.00%,45.00%,2,10,3,67,63,6,4,12,6,5,908,16,16,241,206,10,0,0,2
SCOT,22/02/25,AWAY,ENG,1,15,3,0,0,0,0,0.00%,517,25,252,160,56.00%,60.00%,59.00%,55.00%,9,35,10,135,129,6,4,18,3,2,917,24,22,101,91,13,0,0,1
ITA,23/02/25,HOME,FRA,0,24,3,0,3,1,0,80.00%,363,23,125,87,39.00%,36.00%,33.00%,47.00%,9,18,4,66,61,3,3,12,5,4,893,9,9,198,164,8,0,0,0
FRA,23/02/25,AWAY,ITA,5,73,11,0,9,0,0,82.00%,677,27,247,168,61.00%,64.00%,53.00%,67.00%,15,34,27,110,109,8,7,11,5,5,932,15,15,106,88,6,0,0,1
IRE,08/03/25,HOME,FRA,0,27,3,0,3,2,0,83.00%,477,32,225,141,60.00%,56.00%,53.00%,52.00%,5,23,8,119,115,5,4,14,5,4,910,19,18,116,100,6,0,2,0
FRA,08/03/25,AWAY,IRE,5,42,5,0,4,3,0,88.00%,474,33,131,96,40.00%,44.00%,47.00%,48.00%,7,16,9,66,62,9,8,9,3,3,932,12,12,210,187,13,0,1,2
SCOT,08/03/25,HOME,WALES,5,35,5,0,5,0,0,100.00%,553,22,221,172,61.00%,51.00%,67.00%,64.00%,8,33,16,138,135,6,6,13,3,2,917,17,13,137,154,11,0,0,0
WALES,08/03/25,AWAY,SCOT,2,29,4,0,3,1,0,80.00%,472,30,186,101,39.00%,49.00%,33.00%,36.00%,3,17,1,92,86,3,3,6,6,5,913,15,15,275,242,11,0,1,0
ENG,09/03/25,HOME,ITA,5,47,7,0,6,0,0,86.00%,583,30,187,145,57.00%,58.00%,54.00%,50.00%,11,36,12,96,91,7,7,15,6,6,910,16,16,119,97,14,0,0,1
ITA,09/03/25,AWAY,ENG,0,24,3,0,3,1,0,80.00%,305,32,125,83,43.00%,42.00%,46.00%,50.00%,5,22,4,69,64,2,1,19,6,4,889,19,15,184,148,11,0,0,1
ITA,15/03/25,HOME,IRE,1,17,2,0,2,1,0,100.00%,301,28,143,95,47.00%,43.00%,50.00%,34.00%,6,28,3,78,75,2,2,11,9,8,901,16,15,193,171,10,2,1,0
IRE,15/03/25,AWAY,ITA,5,22,4,0,1,0,0,25.00%,313,18,191,122,53.00%,57.00%,50.00%,66.00%,3,22,1,95,94,4,4,21,3,3,909,15,15,157,129,4,0,0,1
WALES,15/03/25,HOME,ENG,0,14,2,0,2,0,0,100.00%,290,24,196,116,46.00%,53.00%,50.00%,61.00%,5,25,5,93,87,6,4,16,5,4,923,20,18,151,130,10,0,0,1
ENG,15/03/25,AWAY,WALES,5,68,10,0,9,0,0,90.00%,398,33,148,109,54.00%,47.00%,50.00%,39.00%,6,21,6,85,83,5,5,14,9,6,912,15,13,160,135,9,0,0,1
FRA,15/03/25,HOME,SCOT,5,35,4,0,3,3,0,86.00%,341,28,112,87,45.00%,44.00%,54.00%,48.00%,6,15,5,72,70,11,9,8,2,2,932,16,16,203,172,11,0,2,0
SCOT,15/03/25,AWAY,FRA,0,16,1,0,1,3,0,100.00%,485,23,225,140,55.00%,56.00%,46.00%,52.00%,6,31,14,115,111,5,5,16,7,5,902,16,15,138,123,12,0,1,0
